CCLE_ID	lineage
DMS53_LUNG	lung_small_cell
SW1116_LARGE_INTESTINE	colorectal
NCIH1694_LUNG	lung_small_cell
P3HR1_HAEMATOPOIETIC_AND_LYMPHOID_TISSUE	lymphoma_Burkitt
HUT78_HAEMATOPOIETIC_AND_LYMPHOID_TISSUE	T-cell_lymphoma_other
UMUC3_URINARY_TRACT	urinary_tract
HOS_BONE	osteosarcoma
HUNS1_HAEMATOPOIETIC_AND_LYMPHOID_TISSUE	multiple_myeloma
AML193_HAEMATOPOIETIC_AND_LYMPHOID_TISSUE	AML
RVH421_SKIN	melanoma
NCIH1184_LUNG	lung_small_cell
HCC2157_BREAST	breast
TC71_BONE	Ewings_sarcoma
NCIH2227_LUNG	lung_small_cell
COLO205_LARGE_INTESTINE	colorectal
SNU449_LIVER	liver
NCIH28_PLEURA	mesothelioma
OV56_OVARY	ovary
JHOS4_OVARY	ovary
KYSE450_OESOPHAGUS	esophagus
RMUGS_OVARY	ovary
KLE_ENDOMETRIUM	endometrium
HS895T_SKIN	melanoma
LN229_CENTRAL_NERVOUS_SYSTEM	glioma
P31FUJ_HAEMATOPOIETIC_AND_LYMPHOID_TISSUE	AML
RKN_SOFT_TISSUE	ovary
PATU8988S_PANCREAS	pancreas
NH6_AUTONOMIC_GANGLIA	neuroblastoma
SF126_CENTRAL_NERVOUS_SYSTEM	glioma
RERFLCAD2_LUNG	lung_NSC
OUMS23_LARGE_INTESTINE	colorectal
SNGM_ENDOMETRIUM	endometrium
OUMS27_BONE	chondrosarcoma
PL45_PANCREAS	pancreas
NCIH2347_LUNG	lung_NSC
SW1990_PANCREAS	pancreas
HS940T_SKIN	melanoma
HS611T_HAEMATOPOIETIC_AND_LYMPHOID_TISSUE	lymphoma_Hodgkin
TOLEDO_HAEMATOPOIETIC_AND_LYMPHOID_TISSUE	lymphoma_DLBCL
RERFGC1B_STOMACH	stomach
HT1080_SOFT_TISSUE	soft_tissue
NCIH2087_LUNG	lung_NSC
COV318_OVARY	ovary
NCIH2085_LUNG	lung_NSC
NCIH510_LUNG	lung_small_cell
CAKI1_KIDNEY	kidney
NCIH716_LARGE_INTESTINE	colorectal
NCIH2066_LUNG	lung_small_cell
NCIH1341_LUNG	lung_small_cell
NCIH2029_LUNG	lung_small_cell
C3A_LIVER	liver
SW480_LARGE_INTESTINE	colorectal
HS746T_STOMACH	stomach
LU65_LUNG	lung_NSC
HS739T_BREAST	breast
SNUC2A_LARGE_INTESTINE	colorectal
HEC151_ENDOMETRIUM	endometrium
MSTO211H_PLEURA	mesothelioma
RAJI_HAEMATOPOIETIC_AND_LYMPHOID_TISSUE	lymphoma_Burkitt
SKMEL1_SKIN	melanoma
SUPT1_HAEMATOPOIETIC_AND_LYMPHOID_TISSUE	T-cell_ALL
JHH7_LIVER	liver
HUT102_HAEMATOPOIETIC_AND_LYMPHOID_TISSUE	T-cell_lymphoma_other
5637_URINARY_TRACT	urinary_tract
HCC38_BREAST	breast
DU4475_BREAST	breast
NCIH1573_LUNG	lung_NSC
NCIH508_LARGE_INTESTINE	colorectal
NCIH1651_LUNG	lung_NSC
SKUT1_SOFT_TISSUE	soft_tissue
MDAMB175VII_BREAST	breast
SUPB15_HAEMATOPOIETIC_AND_LYMPHOID_TISSUE	B-cell_ALL
BECKER_CENTRAL_NERVOUS_SYSTEM	glioma
NCIH226_LUNG	lung_NSC
NCIH1666_LUNG	lung_NSC
SW1783_CENTRAL_NERVOUS_SYSTEM	glioma
ISTMES1_PLEURA	mesothelioma
NCIH1734_LUNG	lung_NSC
NCIH2342_LUNG	lung_NSC
EBC1_LUNG	lung_NSC
YMB1_BREAST	breast
OC316_OVARY	ovary
HS936T_SKIN	melanoma
T173_BONE	osteosarcoma
NCIH322_LUNG	lung_NSC
HS618T_LUNG	lung_NSC
HS870T_BONE	osteosarcoma
HS706T_BONE	giant_cell_tumour
PANC1_PANCREAS	pancreas
NCIH2291_LUNG	lung_NSC
T47D_BREAST	breast
HS742T_BREAST	breast
BICR56_UPPER_AERODIGESTIVE_TRACT	upper_aerodigestive
BICR16_UPPER_AERODIGESTIVE_TRACT	upper_aerodigestive
TE10_OESOPHAGUS	esophagus
SKMEL28_SKIN	melanoma
BICR6_UPPER_AERODIGESTIVE_TRACT	upper_aerodigestive
BHY_UPPER_AERODIGESTIVE_TRACT	upper_aerodigestive
AZ521_STOMACH	stomach
SH4_SKIN	melanoma
KPL1_BREAST	breast
CGTHW1_THYROID	thyroid
TUHR4TKB_KIDNEY	kidney
LS123_LARGE_INTESTINE	colorectal
HEL_HAEMATOPOIETIC_AND_LYMPHOID_TISSUE	AML
HPAC_PANCREAS	pancreas
RCC10RGB_KIDNEY	kidney
JHOM1_OVARY	ovary
SU8686_PANCREAS	pancreas
HCC33_LUNG	lung_small_cell
TE6_OESOPHAGUS	esophagus
JHOC5_OVARY	ovary
ACCMESO1_PLEURA	mesothelioma
BL41_HAEMATOPOIETIC_AND_LYMPHOID_TISSUE	lymphoma_Burkitt
SNU1214_UPPER_AERODIGESTIVE_TRACT	upper_aerodigestive
CORL105_LUNG	lung_NSC
LMSU_STOMACH	stomach
SNU1197_LARGE_INTESTINE	colorectal
COLO668_LUNG	lung_small_cell
OSRC2_KIDNEY	kidney
HUH6_LIVER	liver
PANC0203_PANCREAS	pancreas
CJM_SKIN	melanoma
BICR22_UPPER_AERODIGESTIVE_TRACT	upper_aerodigestive
SHSY5Y_AUTONOMIC_GANGLIA	neuroblastoma
TM31_CENTRAL_NERVOUS_SYSTEM	glioma
SNU1272_KIDNEY	kidney
KPNRTBM1_AUTONOMIC_GANGLIA	neuroblastoma
BICR18_UPPER_AERODIGESTIVE_TRACT	upper_aerodigestive
TE4_OESOPHAGUS	esophagus
PCM6_HAEMATOPOIETIC_AND_LYMPHOID_TISSUE	multiple_myeloma
ECC10_STOMACH	stomach
TUHR14TKB_KIDNEY	kidney
YD15_SALIVARY_GLAND	other
UBLC1_URINARY_TRACT	urinary_tract
ECGI10_OESOPHAGUS	esophagus
CW2_LARGE_INTESTINE	colorectal
SNU761_LIVER	liver
SNU61_LARGE_INTESTINE	colorectal
NCIH1915_LUNG	lung_NSC
SNU324_PANCREAS	pancreas
YD10B_UPPER_AERODIGESTIVE_TRACT	upper_aerodigestive
HCC2279_LUNG	lung_NSC
HLC1_LUNG	lung_NSC
TUHR10TKB_KIDNEY	kidney
HEC1B_ENDOMETRIUM	endometrium
VMRCLCP_LUNG	lung_NSC
TGBC11TKB_STOMACH	stomach
OVK18_OVARY	ovary
SNU1077_ENDOMETRIUM	endometrium
HCC1588_LUNG	lung_NSC
SNU213_PANCREAS	pancreas
HT115_LARGE_INTESTINE	colorectal
TE14_OESOPHAGUS	esophagus
TE8_OESOPHAGUS	esophagus
SNU520_STOMACH	stomach
JHUEM3_ENDOMETRIUM	endometrium
LI7_LIVER	liver
NCIH838_LUNG	lung_NSC
SNU119_OVARY	ovary
SNU1033_LARGE_INTESTINE	colorectal
SNUC5_LARGE_INTESTINE	colorectal
GSS_STOMACH	stomach
TALL1_HAEMATOPOIETIC_AND_LYMPHOID_TISSUE	T-cell_ALL
HCC1171_LUNG	lung_NSC
SNUC4_LARGE_INTESTINE	colorectal
U138MG_CENTRAL_NERVOUS_SYSTEM	glioma
SNU620_STOMACH	stomach
ECC12_STOMACH	stomach
GSU_STOMACH	stomach
KMS18_HAEMATOPOIETIC_AND_LYMPHOID_TISSUE	multiple_myeloma
JHOM2B_OVARY	ovary
MDAMB231_BREAST	breast
OV90_OVARY	ovary
RS411_HAEMATOPOIETIC_AND_LYMPHOID_TISSUE	B-cell_ALL
OVTOKO_OVARY	ovary
OVCAR4_OVARY	ovary
HLF_LIVER	liver
HCT15_LARGE_INTESTINE	colorectal
SW1463_LARGE_INTESTINE	colorectal
SF295_CENTRAL_NERVOUS_SYSTEM	glioma
WM115_SKIN	melanoma
JHH4_LIVER	liver
OE33_OESOPHAGUS	esophagus
CCK81_LARGE_INTESTINE	colorectal
JHH1_LIVER	liver
SJSA1_BONE	osteosarcoma
NCIH2228_LUNG	lung_NSC
RERFLCAI_LUNG	lung_NSC
SKMES1_LUNG	lung_NSC
NCIH520_LUNG	lung_NSC
JHH5_LIVER	liver
FU97_STOMACH	stomach
COLO800_SKIN	melanoma
NCIH1963_LUNG	lung_small_cell
RL952_ENDOMETRIUM	endometrium
J82_URINARY_TRACT	urinary_tract
HCC15_LUNG	lung_NSC
M059K_CENTRAL_NERVOUS_SYSTEM	glioma
CALU6_LUNG	lung_NSC
SKLU1_LUNG	lung_NSC
SW900_LUNG	lung_NSC
UACC62_SKIN	melanoma
MFE280_ENDOMETRIUM	endometrium
MFE319_ENDOMETRIUM	endometrium
MFE296_ENDOMETRIUM	endometrium
GOS3_CENTRAL_NERVOUS_SYSTEM	glioma
GI1_CENTRAL_NERVOUS_SYSTEM	glioma
PC14_LUNG	lung_NSC
KYSE410_OESOPHAGUS	esophagus
A204_SOFT_TISSUE	soft_tissue
PATU8902_PANCREAS	pancreas
NCIH810_LUNG	lung_NSC
RERFLCMS_LUNG	lung_NSC
L1236_HAEMATOPOIETIC_AND_LYMPHOID_TISSUE	lymphoma_Hodgkin
DANG_PANCREAS	pancreas
NCIH460_LUNG	lung_NSC
KYSE140_OESOPHAGUS	esophagus
KYSE180_OESOPHAGUS	esophagus
HUPT3_PANCREAS	pancreas
EFE184_ENDOMETRIUM	endometrium
GCIY_STOMACH	stomach
SH10TC_STOMACH	stomach
CAOV4_OVARY	ovary
HCC2218_BREAST	breast
KMS21BM_HAEMATOPOIETIC_AND_LYMPHOID_TISSUE	multiple_myeloma
KMS26_HAEMATOPOIETIC_AND_LYMPHOID_TISSUE	multiple_myeloma
KMS27_HAEMATOPOIETIC_AND_LYMPHOID_TISSUE	multiple_myeloma
KO52_HAEMATOPOIETIC_AND_LYMPHOID_TISSUE	AML
KMS28BM_HAEMATOPOIETIC_AND_LYMPHOID_TISSUE	multiple_myeloma
KNS60_CENTRAL_NERVOUS_SYSTEM	glioma
KNS81_CENTRAL_NERVOUS_SYSTEM	glioma
KPNSI9S_AUTONOMIC_GANGLIA	neuroblastoma
LU99_LUNG	lung_NSC
KMS34_HAEMATOPOIETIC_AND_LYMPHOID_TISSUE	multiple_myeloma
MKN1_STOMACH	stomach
MKN74_STOMACH	stomach
KP3_PANCREAS	pancreas
NCO2_HAEMATOPOIETIC_AND_LYMPHOID_TISSUE	CML
KHM1B_HAEMATOPOIETIC_AND_LYMPHOID_TISSUE	multiple_myeloma
HSC2_UPPER_AERODIGESTIVE_TRACT	upper_aerodigestive
KG1C_CENTRAL_NERVOUS_SYSTEM	glioma
HUH7_LIVER	liver
KMBC2_URINARY_TRACT	urinary_tract
KMRC20_KIDNEY	kidney
HUCCT1_BILIARY_TRACT	bile_duct
KIJK_HAEMATOPOIETIC_AND_LYMPHOID_TISSUE	T-cell_lymphoma_other
A4FUK_HAEMATOPOIETIC_AND_LYMPHOID_TISSUE	lymphoma_DLBCL
KALS1_CENTRAL_NERVOUS_SYSTEM	glioma
HEC108_ENDOMETRIUM	endometrium
HEL9217_HAEMATOPOIETIC_AND_LYMPHOID_TISSUE	AML
HUH28_BILIARY_TRACT	bile_duct
CMK115_HAEMATOPOIETIC_AND_LYMPHOID_TISSUE	AML
HEC265_ENDOMETRIUM	endometrium
CAL12T_LUNG	lung_NSC
THP1_HAEMATOPOIETIC_AND_LYMPHOID_TISSUE	AML
A3KAW_HAEMATOPOIETIC_AND_LYMPHOID_TISSUE	lymphoma_DLBCL
SKNSH_AUTONOMIC_GANGLIA	neuroblastoma
HCC1954_BREAST	breast
CAMA1_BREAST	breast
HEC6_ENDOMETRIUM	endometrium
AM38_CENTRAL_NERVOUS_SYSTEM	glioma
HEC50B_ENDOMETRIUM	endometrium
HSC3_UPPER_AERODIGESTIVE_TRACT	upper_aerodigestive
HSC4_UPPER_AERODIGESTIVE_TRACT	upper_aerodigestive
KMS11_HAEMATOPOIETIC_AND_LYMPHOID_TISSUE	multiple_myeloma
KP4_PANCREAS	pancreas
KE39_STOMACH	stomach
COV504_OVARY	ovary
KE97_HAEMATOPOIETIC_AND_LYMPHOID_TISSUE	multiple_myeloma
VMRCRCW_KIDNEY	kidney
HGC27_STOMACH	stomach
LUDLU1_LUNG	lung_NSC
HUG1N_STOMACH	stomach
U266B1_HAEMATOPOIETIC_AND_LYMPHOID_TISSUE	multiple_myeloma
NUGC4_STOMACH	stomach
BGC823_STOMACH	stomach
HMC18_BREAST	breast
CAS1_CENTRAL_NERVOUS_SYSTEM	glioma
KMM1_HAEMATOPOIETIC_AND_LYMPHOID_TISSUE	multiple_myeloma
CORL23_LUNG	lung_NSC
MORCPR_LUNG	lung_NSC
HARA_LUNG	lung_NSC
SKOV3_OVARY	ovary
HPAFII_PANCREAS	pancreas
MC116_HAEMATOPOIETIC_AND_LYMPHOID_TISSUE	B-cell_lymphoma_other
NCIH1568_LUNG	lung_NSC
CA46_HAEMATOPOIETIC_AND_LYMPHOID_TISSUE	lymphoma_Burkitt
A498_KIDNEY	kidney
BCP1_HAEMATOPOIETIC_AND_LYMPHOID_TISSUE	B-cell_lymphoma_other
A673_BONE	Ewings_sarcoma
AU565_BREAST	breast
COLO201_LARGE_INTESTINE	colorectal
CAPAN1_PANCREAS	pancreas
NCIH1563_LUNG	lung_NSC
NCIH358_LUNG	lung_NSC
CFPAC1_PANCREAS	pancreas
NIHOVCAR3_OVARY	ovary
NCIH1650_LUNG	lung_NSC
NCIH1793_LUNG	lung_NSC
NCIH1437_LUNG	lung_NSC
KNS62_LUNG	lung_NSC
HS578T_BREAST	breast
BT20_BREAST	breast
SNU182_LIVER	liver
SKNMC_BONE	Ewings_sarcoma
HH_HAEMATOPOIETIC_AND_LYMPHOID_TISSUE	T-cell_ALL
FADU_UPPER_AERODIGESTIVE_TRACT	upper_aerodigestive
SJRH30_SOFT_TISSUE	soft_tissue
MDAMB361_BREAST	breast
MDAMB436_BREAST	breast
PANC0213_PANCREAS	pancreas
DB_HAEMATOPOIETIC_AND_LYMPHOID_TISSUE	lymphoma_DLBCL
RDES_BONE	Ewings_sarcoma
CAL27_UPPER_AERODIGESTIVE_TRACT	upper_aerodigestive
MESSA_SOFT_TISSUE	soft_tissue
SW1271_LUNG	lung_small_cell
NCIH1792_LUNG	lung_NSC
GCT_SOFT_TISSUE	soft_tissue
SKBR3_BREAST	breast
SNU16_STOMACH	stomach
NCIH82_LUNG	lung_small_cell
NCIN87_STOMACH	stomach
U2OS_BONE	osteosarcoma
H4_CENTRAL_NERVOUS_SYSTEM	glioma
GDM1_HAEMATOPOIETIC_AND_LYMPHOID_TISSUE	AML
HCC1143_BREAST	breast
T24_URINARY_TRACT	urinary_tract
G401_SOFT_TISSUE	soft_tissue
HCC1937_BREAST	breast
HCC1569_BREAST	breast
OCUM1_STOMACH	stomach
SAOS2_BONE	osteosarcoma
D283MED_CENTRAL_NERVOUS_SYSTEM	medulloblastoma
SCC9_UPPER_AERODIGESTIVE_TRACT	upper_aerodigestive
HCC1395_BREAST	breast
NMCG1_CENTRAL_NERVOUS_SYSTEM	glioma
TEN_ENDOMETRIUM	endometrium
HS604T_HAEMATOPOIETIC_AND_LYMPHOID_TISSUE	lymphoma_Hodgkin
TE9_OESOPHAGUS	esophagus
KNS42_CENTRAL_NERVOUS_SYSTEM	glioma
KYSE520_OESOPHAGUS	esophagus
KYSE270_OESOPHAGUS	esophagus
JHUEM1_ENDOMETRIUM	endometrium
YH13_CENTRAL_NERVOUS_SYSTEM	glioma
IALM_LUNG	lung_NSC
NCIH2052_PLEURA	mesothelioma
EB2_HAEMATOPOIETIC_AND_LYMPHOID_TISSUE	lymphoma_Burkitt
SKNFI_AUTONOMIC_GANGLIA	neuroblastoma
SKNAS_AUTONOMIC_GANGLIA	neuroblastoma
GA10_HAEMATOPOIETIC_AND_LYMPHOID_TISSUE	lymphoma_Burkitt
SNU398_LIVER	liver
SNU423_LIVER	liver
SCC4_UPPER_AERODIGESTIVE_TRACT	upper_aerodigestive
EB1_HAEMATOPOIETIC_AND_LYMPHOID_TISSUE	lymphoma_Burkitt
HCC1187_BREAST	breast
SNU387_LIVER	liver
DAUDI_HAEMATOPOIETIC_AND_LYMPHOID_TISSUE	lymphoma_Burkitt
HT_HAEMATOPOIETIC_AND_LYMPHOID_TISSUE	B-cell_lymphoma_other
MJ_HAEMATOPOIETIC_AND_LYMPHOID_TISSUE	T-cell_lymphoma_other
JM1_HAEMATOPOIETIC_AND_LYMPHOID_TISSUE	B-cell_ALL
C2BBE1_LARGE_INTESTINE	colorectal
SKES1_BONE	Ewings_sarcoma
EPLC272H_LUNG	lung_NSC
BXPC3_PANCREAS	pancreas
NCIH1355_LUNG	lung_NSC
SNU5_STOMACH	stomach
SNU475_LIVER	liver
HEC251_ENDOMETRIUM	endometrium
HCC95_LUNG	lung_NSC
253J_URINARY_TRACT	urinary_tract
HCC1438_LUNG	lung_NSC
253JBV_URINARY_TRACT	urinary_tract
RPMI7951_SKIN	melanoma
SNU1066_UPPER_AERODIGESTIVE_TRACT	upper_aerodigestive
SNU1041_UPPER_AERODIGESTIVE_TRACT	upper_aerodigestive
HCC2108_LUNG	lung_NSC
COLO783_SKIN	melanoma
HCC1359_LUNG	lung_NSC
BICR31_UPPER_AERODIGESTIVE_TRACT	upper_aerodigestive
COV362_OVARY	ovary
COLO792_SKIN	melanoma
COV434_OVARY	ovary
WM983B_SKIN	melanoma
HS751T_HAEMATOPOIETIC_AND_LYMPHOID_TISSUE	lymphoma_Hodgkin
LS513_LARGE_INTESTINE	colorectal
NCIH2110_LUNG	lung_NSC
CHAGOK1_LUNG	lung_NSC
DMS454_LUNG	lung_small_cell
CORL47_LUNG	lung_small_cell
FTC238_THYROID	thyroid
DMS273_LUNG	lung_small_cell
FTC133_THYROID	thyroid
CORL311_LUNG	lung_small_cell
NCIH2286_LUNG	lung_small_cell
NCIH1339_LUNG	lung_small_cell
WM793_SKIN	melanoma
A704_KIDNEY	kidney
MDAMB435S_SKIN	melanoma
WM1799_SKIN	melanoma
MEWO_SKIN	melanoma
WM88_SKIN	melanoma
NCIH2081_LUNG	lung_small_cell
HS255T_LARGE_INTESTINE	colorectal
NCIH1092_LUNG	lung_small_cell
SW837_LARGE_INTESTINE	colorectal
JHH6_LIVER	liver
IGR1_SKIN	melanoma
NCIH1105_LUNG	lung_small_cell
NCIH1436_LUNG	lung_small_cell
NCIH1876_LUNG	lung_small_cell
CORL24_LUNG	lung_small_cell
COV644_OVARY	ovary
GP2D_LARGE_INTESTINE	colorectal
PECAPJ15_UPPER_AERODIGESTIVE_TRACT	upper_aerodigestive
CORL88_LUNG	lung_small_cell
CORL95_LUNG	lung_small_cell
PECAPJ49_UPPER_AERODIGESTIVE_TRACT	upper_aerodigestive
PECAPJ34CLONEC12_UPPER_AERODIGESTIVE_TRACT	upper_aerodigestive
CORL51_LUNG	lung_small_cell
RT11284_URINARY_TRACT	urinary_tract
PECAPJ41CLONED2_UPPER_AERODIGESTIVE_TRACT	upper_aerodigestive
OV7_OVARY	ovary
HT55_LARGE_INTESTINE	colorectal
OAW42_OVARY	ovary
MDST8_LARGE_INTESTINE	colorectal
OAW28_OVARY	ovary
SUIT2_PANCREAS	pancreas
LC1SQSF_LUNG	lung_NSC
KASUMI1_HAEMATOPOIETIC_AND_LYMPHOID_TISSUE	AML
SUPM2_HAEMATOPOIETIC_AND_LYMPHOID_TISSUE	T-cell_lymphoma_other
SKHEP1_LIVER	liver
OVCAR8_OVARY	ovary
NCIH2172_LUNG	lung_NSC
ISHIKAWAHERAKLIO02ER_ENDOMETRIUM	endometrium
NCIH596_LUNG	lung_NSC
NCIH650_LUNG	lung_NSC
SW1573_LUNG	lung_NSC
OVMANA_OVARY	ovary
SKCO1_LARGE_INTESTINE	colorectal
KARPAS299_HAEMATOPOIETIC_AND_LYMPHOID_TISSUE	T-cell_lymphoma_other
YAPC_PANCREAS	pancreas
HT1197_URINARY_TRACT	urinary_tract
A253_SALIVARY_GLAND	other
HCC366_LUNG	lung_NSC
DKMG_CENTRAL_NERVOUS_SYSTEM	glioma
SNU349_KIDNEY	kidney
UMUC1_URINARY_TRACT	urinary_tract
NAMALWA_HAEMATOPOIETIC_AND_LYMPHOID_TISSUE	lymphoma_Burkitt
NCIH292_LUNG	lung_NSC
59M_OVARY	ovary
U118MG_CENTRAL_NERVOUS_SYSTEM	glioma
VMRCLCD_LUNG	lung_NSC
HCC1833_LUNG	lung_NSC
RH30_SOFT_TISSUE	soft_tissue
TCCSUP_URINARY_TRACT	urinary_tract
SNU601_STOMACH	stomach
CAL33_UPPER_AERODIGESTIVE_TRACT	upper_aerodigestive
SNU668_STOMACH	stomach
CORL279_LUNG	lung_small_cell
GB1_CENTRAL_NERVOUS_SYSTEM	glioma
KURAMOCHI_OVARY	ovary
COLO775_HAEMATOPOIETIC_AND_LYMPHOID_TISSUE	CML
COLO684_ENDOMETRIUM	endometrium
KLM1_PANCREAS	pancreas
GRM_SKIN	melanoma
SNU685_ENDOMETRIUM	endometrium
CMK86_HAEMATOPOIETIC_AND_LYMPHOID_TISSUE	AML
SNU886_LIVER	liver
HCT8_LARGE_INTESTINE	colorectal
NCCSTCK140_STOMACH	stomach
NCIH3255_LUNG	lung_NSC
SNU719_STOMACH	stomach
SNU489_CENTRAL_NERVOUS_SYSTEM	glioma
SNU81_LARGE_INTESTINE	colorectal
A2058_SKIN	melanoma
HTK_HAEMATOPOIETIC_AND_LYMPHOID_TISSUE	multiple_myeloma
SNU1040_LARGE_INTESTINE	colorectal
SNU1076_UPPER_AERODIGESTIVE_TRACT	upper_aerodigestive
SNU175_LARGE_INTESTINE	colorectal
SNU407_LARGE_INTESTINE	colorectal
SNU201_CENTRAL_NERVOUS_SYSTEM	glioma
KMS20_HAEMATOPOIETIC_AND_LYMPHOID_TISSUE	multiple_myeloma
SNU216_STOMACH	stomach
SNU1196_BILIARY_TRACT	bile_duct
SNU1079_BILIARY_TRACT	bile_duct
HCC1195_LUNG	lung_NSC
NCIH854_LUNG	lung_NSC
SNU466_CENTRAL_NERVOUS_SYSTEM	glioma
YD38_UPPER_AERODIGESTIVE_TRACT	upper_aerodigestive
SNU1105_CENTRAL_NERVOUS_SYSTEM	glioma
SNU283_LARGE_INTESTINE	colorectal
SNU46_UPPER_AERODIGESTIVE_TRACT	upper_aerodigestive
SNU308_BILIARY_TRACT	bile_duct
YD8_UPPER_AERODIGESTIVE_TRACT	upper_aerodigestive
SNU245_BILIARY_TRACT	bile_duct
SNU478_BILIARY_TRACT	bile_duct
SNU410_PANCREAS	pancreas
SNU899_UPPER_AERODIGESTIVE_TRACT	upper_aerodigestive
SNU503_LARGE_INTESTINE	colorectal
SET2_HAEMATOPOIETIC_AND_LYMPHOID_TISSUE	leukemia_other
SNU738_CENTRAL_NERVOUS_SYSTEM	glioma
SNU626_CENTRAL_NERVOUS_SYSTEM	glioma
SNU869_BILIARY_TRACT	bile_duct
SNU878_LIVER	liver
SNU840_OVARY	ovary
SNU8_OVARY	ovary
NCIH684_LIVER	liver
IGR39_SKIN	melanoma
ALEXANDERCELLS_LIVER	liver
DAOY_CENTRAL_NERVOUS_SYSTEM	medulloblastoma
HEP3B217_LIVER	liver
KYM1_SOFT_TISSUE	soft_tissue
LC1F_LUNG	lung_NSC
HLE_LIVER	liver
CMK_HAEMATOPOIETIC_AND_LYMPHOID_TISSUE	AML
JMSU1_URINARY_TRACT	urinary_tract
IMR32_AUTONOMIC_GANGLIA	neuroblastoma
SUDHL8_HAEMATOPOIETIC_AND_LYMPHOID_TISSUE	lymphoma_DLBCL
T3M4_PANCREAS	pancreas
COLO818_SKIN	melanoma
PK45H_PANCREAS	pancreas
HEC59_ENDOMETRIUM	endometrium
CPCN_LUNG	lung_small_cell
T3M10_LUNG	lung_NSC
NUGC2_STOMACH	stomach
PLCPRF5_LIVER	liver
KPNYN_AUTONOMIC_GANGLIA	neuroblastoma
CCFSTTG1_CENTRAL_NERVOUS_SYSTEM	glioma
NCIH929_HAEMATOPOIETIC_AND_LYMPHOID_TISSUE	multiple_myeloma
KMRC3_KIDNEY	kidney
NCIH2023_LUNG	lung_NSC
DMS153_LUNG	lung_small_cell
NCIH1048_LUNG	lung_small_cell
D341MED_CENTRAL_NERVOUS_SYSTEM	medulloblastoma
NCIH660_PROSTATE	prostate
NCIH1618_LUNG	lung_small_cell
HS675T_LARGE_INTESTINE	colorectal
PEER_HAEMATOPOIETIC_AND_LYMPHOID_TISSUE	T-cell_ALL
SKM1_HAEMATOPOIETIC_AND_LYMPHOID_TISSUE	AML
HT144_SKIN	melanoma
SKMEL31_SKIN	melanoma
HS839T_SKIN	melanoma
HS939T_SKIN	melanoma
OCILY3_HAEMATOPOIETIC_AND_LYMPHOID_TISSUE	lymphoma_DLBCL
HS819T_BONE	chondrosarcoma
NCIH69_LUNG	lung_small_cell
DV90_LUNG	lung_NSC
ZR751_BREAST	breast
KG1_HAEMATOPOIETIC_AND_LYMPHOID_TISSUE	AML
SKNBE2_AUTONOMIC_GANGLIA	neuroblastoma
HCC70_BREAST	breast
NCIH2452_PLEURA	mesothelioma
SNU1_STOMACH	stomach
LOUCY_HAEMATOPOIETIC_AND_LYMPHOID_TISSUE	T-cell_ALL
HCC56_LARGE_INTESTINE	colorectal
NCIH1648_LUNG	lung_NSC
TO175T_HAEMATOPOIETIC_AND_LYMPHOID_TISSUE	lymphoma_Hodgkin
GLC82_LUNG	lung_NSC
MPP89_PLEURA	mesothelioma
PANC0813_PANCREAS	pancreas
MG63_BONE	osteosarcoma
PK1_PANCREAS	pancreas
HS840T_UPPER_AERODIGESTIVE_TRACT	upper_aerodigestive
NCIH23_LUNG	lung_NSC
TE617T_SOFT_TISSUE	soft_tissue
SW1088_CENTRAL_NERVOUS_SYSTEM	glioma
ISTMES2_PLEURA	mesothelioma
NCIH1373_LUNG	lung_NSC
NCIH1930_LUNG	lung_small_cell
NCIH1623_LUNG	lung_NSC
HS229T_LUNG	lung_NSC
NCIH1838_LUNG	lung_NSC
NCIH1836_LUNG	lung_small_cell
HS688AT_SKIN	melanoma
PANC0504_PANCREAS	pancreas
HS822T_BONE	Ewings_sarcoma
BL70_HAEMATOPOIETIC_AND_LYMPHOID_TISSUE	lymphoma_Burkitt
CI1_HAEMATOPOIETIC_AND_LYMPHOID_TISSUE	B-cell_lymphoma_other
G292CLONEA141B1_BONE	osteosarcoma
RCM1_LARGE_INTESTINE	colorectal
HS737T_BONE	giant_cell_tumour
HS616T_HAEMATOPOIETIC_AND_LYMPHOID_TISSUE	lymphoma_Hodgkin
HS600T_SKIN	melanoma
TE159T_SOFT_TISSUE	soft_tissue
A101D_SKIN	melanoma
NCIH1755_LUNG	lung_NSC
143B_BONE	osteosarcoma
RERFLCKJ_LUNG	lung_NSC
NCIH1693_LUNG	lung_NSC
SW780_URINARY_TRACT	urinary_tract
HS683_CENTRAL_NERVOUS_SYSTEM	glioma
RKO_LARGE_INTESTINE	colorectal
HS729_SOFT_TISSUE	soft_tissue
JHOS2_OVARY	ovary
MCF7_BREAST	breast
U937_HAEMATOPOIETIC_AND_LYMPHOID_TISSUE	lymphoma_DLBCL
SKLMS1_SOFT_TISSUE	soft_tissue
HUTU80_SMALL_INTESTINE	other
HCC202_BREAST	breast
MEG01_HAEMATOPOIETIC_AND_LYMPHOID_TISSUE	CML
REH_HAEMATOPOIETIC_AND_LYMPHOID_TISSUE	B-cell_ALL
ONS76_CENTRAL_NERVOUS_SYSTEM	medulloblastoma
RPMI6666_HAEMATOPOIETIC_AND_LYMPHOID_TISSUE	lymphoma_Hodgkin
SNUC1_LARGE_INTESTINE	colorectal
SKNDZ_AUTONOMIC_GANGLIA	neuroblastoma
DMS114_LUNG	lung_small_cell
TT_OESOPHAGUS	esophagus
OCILY10_HAEMATOPOIETIC_AND_LYMPHOID_TISSUE	lymphoma_DLBCL
ST486_HAEMATOPOIETIC_AND_LYMPHOID_TISSUE	lymphoma_Burkitt
OC315_OVARY	ovary
OC314_OVARY	ovary
SW1353_BONE	chondrosarcoma
MDAMB157_BREAST	breast
LN18_CENTRAL_NERVOUS_SYSTEM	glioma
769P_KIDNEY	kidney
786O_KIDNEY	kidney
CAOV3_OVARY	ovary
HEPG2_LIVER	liver
MOLT4_HAEMATOPOIETIC_AND_LYMPHOID_TISSUE	T-cell_ALL
NCIH524_LUNG	lung_small_cell
NCIH209_LUNG	lung_small_cell
MIAPACA2_PANCREAS	pancreas
MCAS_OVARY	ovary
SBC5_LUNG	lung_small_cell
COLO829_SKIN	melanoma
VCAP_PROSTATE	prostate
COLO704_OVARY	ovary
IPC298_SKIN	melanoma
CAPAN2_PANCREAS	pancreas
EFM192A_BREAST	breast
HS766T_PANCREAS	pancreas
EFO27_OVARY	ovary
A2780_OVARY	ovary
NCIH196_LUNG	lung_small_cell
IGROV1_OVARY	ovary
NCIH889_LUNG	lung_small_cell
NCIH211_LUNG	lung_small_cell
HS571T_OVARY	ovary
MDAPCA2B_PROSTATE	prostate
SKMEL24_SKIN	melanoma
K029AX_SKIN	melanoma
HT1376_URINARY_TRACT	urinary_tract
NCIH2171_LUNG	lung_small_cell
PANC1005_PANCREAS	pancreas
EVSAT_BREAST	breast
HS695T_SKIN	melanoma
CHL1_SKIN	melanoma
LOUNH91_LUNG	lung_NSC
LK2_LUNG	lung_NSC
TOV21G_OVARY	ovary
SKMEL3_SKIN	melanoma
ASPC1_PANCREAS	pancreas
OVSAHO_OVARY	ovary
NCIH441_LUNG	lung_NSC
RERFLCSQ1_LUNG	lung_NSC
NCIH2030_LUNG	lung_NSC
HMCB_SKIN	melanoma
FUOV1_OVARY	ovary
MALME3M_SKIN	melanoma
KMS12BM_HAEMATOPOIETIC_AND_LYMPHOID_TISSUE	multiple_myeloma
T98G_CENTRAL_NERVOUS_SYSTEM	glioma
HL60_HAEMATOPOIETIC_AND_LYMPHOID_TISSUE	AML
DBTRG05MG_CENTRAL_NERVOUS_SYSTEM	glioma
HEYA8_OVARY	ovary
NCIH2122_LUNG	lung_NSC
MELJUSO_SKIN	melanoma
SW620_LARGE_INTESTINE	colorectal
HCT116_LARGE_INTESTINE	colorectal
VMRCRCZ_KIDNEY	kidney
DU145_PROSTATE	prostate
MM1S_HAEMATOPOIETIC_AND_LYMPHOID_TISSUE	multiple_myeloma
L33_PANCREAS	pancreas
SKMEL2_SKIN	melanoma
A549_LUNG	lung_NSC
A172_CENTRAL_NERVOUS_SYSTEM	glioma
NCIH1975_LUNG	lung_NSC
COLO679_SKIN	melanoma
KP2_PANCREAS	pancreas
HUH1_LIVER	liver
MDAMB453_BREAST	breast
PANC0403_PANCREAS	pancreas
TYKNU_OVARY	ovary
OVISE_OVARY	ovary
EFM19_BREAST	breast
MELHO_SKIN	melanoma
RL_HAEMATOPOIETIC_AND_LYMPHOID_TISSUE	B-cell_lymphoma_other
G361_SKIN	melanoma
NCIH647_LUNG	lung_NSC
GMS10_CENTRAL_NERVOUS_SYSTEM	glioma
SEM_HAEMATOPOIETIC_AND_LYMPHOID_TISSUE	B-cell_ALL
HLFA_LUNG	liver
42MGBA_CENTRAL_NERVOUS_SYSTEM	glioma
KCIMOH1_PANCREAS	pancreas
HCC44_LUNG	lung_NSC
KYSE70_OESOPHAGUS	esophagus
1321N1_CENTRAL_NERVOUS_SYSTEM	glioma
GAMG_CENTRAL_NERVOUS_SYSTEM	glioma
NCIH522_LUNG	lung_NSC
EN_ENDOMETRIUM	endometrium
PK59_PANCREAS	pancreas
SNB19_CENTRAL_NERVOUS_SYSTEM	glioma
COLO741_SKIN	melanoma
HDMYZ_HAEMATOPOIETIC_AND_LYMPHOID_TISSUE	lymphoma_Hodgkin
NCIH661_LUNG	lung_NSC
LNCAPCLONEFGC_PROSTATE	prostate
LS411N_LARGE_INTESTINE	colorectal
HCC78_LUNG	lung_NSC
YKG1_CENTRAL_NERVOUS_SYSTEM	glioma
ESS1_ENDOMETRIUM	endometrium
U251MG_CENTRAL_NERVOUS_SYSTEM	glioma
TE11_OESOPHAGUS	esophagus
KS1_CENTRAL_NERVOUS_SYSTEM	glioma
HEC1A_ENDOMETRIUM	endometrium
TE1_OESOPHAGUS	esophagus
JHUEM2_ENDOMETRIUM	endometrium
MOGGUVW_CENTRAL_NERVOUS_SYSTEM	glioma
RERFLCAD1_LUNG	lung_NSC
TE5_OESOPHAGUS	esophagus
KELLY_AUTONOMIC_GANGLIA	neuroblastoma
NCIH1155_LUNG	lung_NSC
TE15_OESOPHAGUS	esophagus
ABC1_LUNG	lung_NSC
8MGBA_CENTRAL_NERVOUS_SYSTEM	glioma
NCIH1703_LUNG	lung_NSC
AGS_STOMACH	stomach
QGP1_PANCREAS	pancreas
DETROIT562_UPPER_AERODIGESTIVE_TRACT	upper_aerodigestive
BT474_BREAST	breast
ACHN_KIDNEY	kidney
LOVO_LARGE_INTESTINE	colorectal
NCIH1581_LUNG	lung_NSC
SCABER_URINARY_TRACT	urinary_tract
SKMEL30_SKIN	melanoma
OVKATE_OVARY	ovary
22RV1_PROSTATE	prostate
C32_SKIN	melanoma
PANC0327_PANCREAS	pancreas
RPMI8226_HAEMATOPOIETIC_AND_LYMPHOID_TISSUE	multiple_myeloma
DLD1_LARGE_INTESTINE	colorectal
ES2_OVARY	ovary
NCIH1395_LUNG	lung_NSC
NCIH1781_LUNG	lung_NSC
LS1034_LARGE_INTESTINE	colorectal
G402_SOFT_TISSUE	soft_tissue
NCIH146_LUNG	lung_small_cell
SW48_LARGE_INTESTINE	colorectal
CHP212_AUTONOMIC_GANGLIA	neuroblastoma
LS180_LARGE_INTESTINE	colorectal
SW403_LARGE_INTESTINE	colorectal
NCIH747_LARGE_INTESTINE	colorectal
RT4_URINARY_TRACT	urinary_tract
KATOIII_STOMACH	stomach
BDCM_HAEMATOPOIETIC_AND_LYMPHOID_TISSUE	B-cell_ALL
SW1417_LARGE_INTESTINE	colorectal
SW948_LARGE_INTESTINE	colorectal
HS606T_BREAST	breast
MDAMB415_BREAST	breast
DMS79_LUNG	lung_small_cell
NCIH2106_LUNG	lung_NSC
SW579_THYROID	thyroid
MDAMB468_BREAST	breast
NCIH526_LUNG	lung_small_cell
TOV112D_OVARY	ovary
BT549_BREAST	breast
NCIH2196_LUNG	lung_small_cell
CAL851_BREAST	breast
EFO21_OVARY	ovary
A375_SKIN	melanoma
HT29_LARGE_INTESTINE	colorectal
NCIH446_LUNG	lung_small_cell
HS294T_SKIN	melanoma
SKMEL5_SKIN	melanoma
HS944T_SKIN	melanoma
TCCPAN2_PANCREAS	pancreas
DOV13_OVARY	ovary
RMGI_OVARY	ovary
PC3_PROSTATE	prostate
K562_HAEMATOPOIETIC_AND_LYMPHOID_TISSUE	CML
RT112_URINARY_TRACT	urinary_tract
NUGC3_STOMACH	stomach
U87MG_CENTRAL_NERVOUS_SYSTEM	glioma
CAKI2_KIDNEY	kidney
OE19_OESOPHAGUS	esophagus
KMRC2_KIDNEY	kidney
JHH2_LIVER	liver
IM95_STOMACH	stomach
MV411_HAEMATOPOIETIC_AND_LYMPHOID_TISSUE	AML
WM2664_SKIN	melanoma
KMRC1_KIDNEY	kidney
KM12_LARGE_INTESTINE	colorectal
COLO849_SKIN	melanoma
T84_LARGE_INTESTINE	colorectal
CALU1_LUNG	lung_NSC
LOXIMVI_SKIN	melanoma
NCIH2170_LUNG	lung_NSC
SQ1_LUNG	lung_NSC
AN3CA_ENDOMETRIUM	endometrium
NCIH2444_LUNG	lung_NSC
UACC257_SKIN	melanoma
KYSE510_OESOPHAGUS	esophagus
MOLM13_HAEMATOPOIETIC_AND_LYMPHOID_TISSUE	AML
HUPT4_PANCREAS	pancreas
MOGGCCM_CENTRAL_NERVOUS_SYSTEM	glioma
KYSE30_OESOPHAGUS	esophagus
KYSE150_OESOPHAGUS	esophagus
PSN1_PANCREAS	pancreas
NCIH1299_LUNG	lung_NSC
PATU8988T_PANCREAS	pancreas
IGR37_SKIN	melanoma
LN443_CENTRAL_NERVOUS_SYSTEM	glioma
SLR23_KIDNEY	kidney
HMEL_BREAST	breast
OELE_OVARY	ovary
LN235_CENTRAL_NERVOUS_SYSTEM	glioma
BJHTERT_SKIN	melanoma
LN428_CENTRAL_NERVOUS_SYSTEM	glioma
SLR24_KIDNEY	kidney
EWS502_BONE	Ewings_sarcoma
SALE_LUNG	other
HCC2814_LUNG	lung_NSC
SKRC31_KIDNEY	kidney
TIG3TD_LUNG	other
TC32_BONE	Ewings_sarcoma
SF172_CENTRAL_NERVOUS_SYSTEM	glioma
PRECLH_PROSTATE	prostate
U343_CENTRAL_NERVOUS_SYSTEM	glioma
RCC4_KIDNEY	kidney
LN215_CENTRAL_NERVOUS_SYSTEM	glioma
LN464_CENTRAL_NERVOUS_SYSTEM	glioma
SLR25_KIDNEY	kidney
U178_CENTRAL_NERVOUS_SYSTEM	glioma
F5_CENTRAL_NERVOUS_SYSTEM	meningioma
HEKTE_KIDNEY	kidney
SLR26_KIDNEY	kidney
SKRC20_KIDNEY	kidney
SF767_CENTRAL_NERVOUS_SYSTEM	glioma
A1207_CENTRAL_NERVOUS_SYSTEM	glioma
LN319_CENTRAL_NERVOUS_SYSTEM	glioma
HCC364_LUNG	lung_NSC
UMRC6_KIDNEY	kidney
LN382_CENTRAL_NERVOUS_SYSTEM	glioma
IOMMLEE_CENTRAL_NERVOUS_SYSTEM	meningioma
UMRC2_KIDNEY	kidney
DFCI024_LUNG	lung_NSC
HCC1897_LUNG	lung_NSC
SLR21_KIDNEY	kidney
LNZ308_CENTRAL_NERVOUS_SYSTEM	glioma
LN340_CENTRAL_NERVOUS_SYSTEM	glioma
HCC827GR5_LUNG	lung_NSC
SLR20_KIDNEY	kidney
HK2_KIDNEY	kidney
EW8_BONE	Ewings_sarcoma
UOK101_KIDNEY	kidney
JHESOAD1_OESOPHAGUS	esophagus
CH157MN_CENTRAL_NERVOUS_SYSTEM	meningioma
MOLP2_HAEMATOPOIETIC_AND_LYMPHOID_TISSUE	multiple_myeloma
SCC25_UPPER_AERODIGESTIVE_TRACT	upper_aerodigestive
UT7_HAEMATOPOIETIC_AND_LYMPHOID_TISSUE	AML
MHHNB11_AUTONOMIC_GANGLIA	neuroblastoma
HCC1806_BREAST	breast
GRANTA519_HAEMATOPOIETIC_AND_LYMPHOID_TISSUE	B-cell_lymphoma_other
MONOMAC6_HAEMATOPOIETIC_AND_LYMPHOID_TISSUE	AML
MKN7_STOMACH	stomach
SW1710_URINARY_TRACT	urinary_tract
MOLT13_HAEMATOPOIETIC_AND_LYMPHOID_TISSUE	T-cell_ALL
SR786_HAEMATOPOIETIC_AND_LYMPHOID_TISSUE	T-cell_lymphoma_other
SCC15_UPPER_AERODIGESTIVE_TRACT	upper_aerodigestive
RS5_PLEURA	mesothelioma
NCIH2126_LUNG	lung_NSC
NCIH2141_LUNG	lung_small_cell
NCIH1385_LUNG	lung_NSC
HCC827_LUNG	lung_NSC
RD_SOFT_TISSUE	soft_tissue
TT_THYROID	thyroid
TF1_HAEMATOPOIETIC_AND_LYMPHOID_TISSUE	AML
HS172T_URINARY_TRACT	urinary_tract
HS834T_SKIN	melanoma
TE125T_SOFT_TISSUE	soft_tissue
8305C_THYROID	thyroid
UACC812_BREAST	breast
ALLSIL_HAEMATOPOIETIC_AND_LYMPHOID_TISSUE	T-cell_ALL
KASUMI2_HAEMATOPOIETIC_AND_LYMPHOID_TISSUE	leukemia_other
DND41_HAEMATOPOIETIC_AND_LYMPHOID_TISSUE	T-cell_ALL
ME1_HAEMATOPOIETIC_AND_LYMPHOID_TISSUE	AML
DM3_PLEURA	mesothelioma
JEKO1_HAEMATOPOIETIC_AND_LYMPHOID_TISSUE	B-cell_lymphoma_other
JJN3_HAEMATOPOIETIC_AND_LYMPHOID_TISSUE	multiple_myeloma
NUDHL1_HAEMATOPOIETIC_AND_LYMPHOID_TISSUE	lymphoma_DLBCL
CL14_LARGE_INTESTINE	colorectal
KYO1_HAEMATOPOIETIC_AND_LYMPHOID_TISSUE	CML
JL1_PLEURA	mesothelioma
CAL148_BREAST	breast
NALM19_HAEMATOPOIETIC_AND_LYMPHOID_TISSUE	B-cell_ALL
HPBALL_HAEMATOPOIETIC_AND_LYMPHOID_TISSUE	T-cell_ALL
SUPT11_HAEMATOPOIETIC_AND_LYMPHOID_TISSUE	T-cell_lymphoma_other
CL40_LARGE_INTESTINE	colorectal
MDAMB134VI_BREAST	breast
HCC1500_BREAST	breast
HCC1599_BREAST	breast
SUPHD1_HAEMATOPOIETIC_AND_LYMPHOID_TISSUE	lymphoma_Hodgkin
MOTN1_HAEMATOPOIETIC_AND_LYMPHOID_TISSUE	T-cell_lymphoma_other
OCIAML3_HAEMATOPOIETIC_AND_LYMPHOID_TISSUE	AML
SUDHL10_HAEMATOPOIETIC_AND_LYMPHOID_TISSUE	lymphoma_DLBCL
SUDHL4_HAEMATOPOIETIC_AND_LYMPHOID_TISSUE	lymphoma_DLBCL
RH41_SOFT_TISSUE	soft_tissue
OCILY19_HAEMATOPOIETIC_AND_LYMPHOID_TISSUE	lymphoma_DLBCL
MOLM6_HAEMATOPOIETIC_AND_LYMPHOID_TISSUE	CML
SKMM2_HAEMATOPOIETIC_AND_LYMPHOID_TISSUE	multiple_myeloma
KASUMI6_HAEMATOPOIETIC_AND_LYMPHOID_TISSUE	AML
HS698T_LARGE_INTESTINE	colorectal
UACC893_BREAST	breast
MINO_HAEMATOPOIETIC_AND_LYMPHOID_TISSUE	B-cell_lymphoma_other
CHP126_AUTONOMIC_GANGLIA	neuroblastoma
COLO680N_OESOPHAGUS	esophagus
COLO678_LARGE_INTESTINE	colorectal
LAMA84_HAEMATOPOIETIC_AND_LYMPHOID_TISSUE	CML
CMLT1_HAEMATOPOIETIC_AND_LYMPHOID_TISSUE	CML
EHEB_HAEMATOPOIETIC_AND_LYMPHOID_TISSUE	B-cell_lymphoma_other
CAL54_KIDNEY	kidney
BV173_HAEMATOPOIETIC_AND_LYMPHOID_TISSUE	CML
DOHH2_HAEMATOPOIETIC_AND_LYMPHOID_TISSUE	lymphoma_DLBCL
EOL1_HAEMATOPOIETIC_AND_LYMPHOID_TISSUE	AML
NALM6_HAEMATOPOIETIC_AND_LYMPHOID_TISSUE	B-cell_ALL
VMCUB1_URINARY_TRACT	urinary_tract
LP1_HAEMATOPOIETIC_AND_LYMPHOID_TISSUE	multiple_myeloma
LXF289_LUNG	lung_NSC
MONOMAC1_HAEMATOPOIETIC_AND_LYMPHOID_TISSUE	AML
PL21_HAEMATOPOIETIC_AND_LYMPHOID_TISSUE	AML
PF382_HAEMATOPOIETIC_AND_LYMPHOID_TISSUE	T-cell_ALL
NALM1_HAEMATOPOIETIC_AND_LYMPHOID_TISSUE	CML
OCIAML2_HAEMATOPOIETIC_AND_LYMPHOID_TISSUE	AML
MHHCALL3_HAEMATOPOIETIC_AND_LYMPHOID_TISSUE	B-cell_ALL
JURLMK1_HAEMATOPOIETIC_AND_LYMPHOID_TISSUE	CML
OCIAML5_HAEMATOPOIETIC_AND_LYMPHOID_TISSUE	AML
KE37_HAEMATOPOIETIC_AND_LYMPHOID_TISSUE	leukemia_other
JK1_HAEMATOPOIETIC_AND_LYMPHOID_TISSUE	CML
RI1_HAEMATOPOIETIC_AND_LYMPHOID_TISSUE	B-cell_lymphoma_other
KARPAS422_HAEMATOPOIETIC_AND_LYMPHOID_TISSUE	lymphoma_DLBCL
L540_HAEMATOPOIETIC_AND_LYMPHOID_TISSUE	lymphoma_Hodgkin
CAL78_BONE	chondrosarcoma
HDQP1_BREAST	breast
MHHCALL4_HAEMATOPOIETIC_AND_LYMPHOID_TISSUE	B-cell_ALL
MUTZ5_HAEMATOPOIETIC_AND_LYMPHOID_TISSUE	B-cell_ALL
ONCODG1_OVARY	ovary
HDLM2_HAEMATOPOIETIC_AND_LYMPHOID_TISSUE	lymphoma_Hodgkin
CAL29_URINARY_TRACT	urinary_tract
KOPN8_HAEMATOPOIETIC_AND_LYMPHOID_TISSUE	B-cell_ALL
SCLC21H_LUNG	lung_small_cell
CALU3_LUNG	lung_NSC
NCIH1435_LUNG	lung_NSC
NCIH2009_LUNG	lung_NSC
NCIH1869_LUNG	lung_NSC
HS852T_SKIN	melanoma
HCC1419_BREAST	breast
BT483_BREAST	breast
HS281T_BREAST	breast
HS934T_SKIN	melanoma
HCC4006_LUNG	lung_NSC
HCC1428_BREAST	breast
KU812_HAEMATOPOIETIC_AND_LYMPHOID_TISSUE	CML
SHP77_LUNG	lung_small_cell
TE441T_SOFT_TISSUE	soft_tissue
NB1_AUTONOMIC_GANGLIA	neuroblastoma
HS274T_BREAST	breast
PFEIFFER_HAEMATOPOIETIC_AND_LYMPHOID_TISSUE	lymphoma_DLBCL
ZR7530_BREAST	breast
HS863T_BONE	Ewings_sarcoma
NCIH841_LUNG	lung_small_cell
HS821T_BONE	giant_cell_tumour
NCIH1944_LUNG	lung_NSC
NCIH2405_LUNG	lung_NSC
DEL_HAEMATOPOIETIC_AND_LYMPHOID_TISSUE	T-cell_lymphoma_other
BEN_LUNG	lung_NSC
COLO320_LARGE_INTESTINE	colorectal
RPMI8402_HAEMATOPOIETIC_AND_LYMPHOID_TISSUE	T-cell_ALL
SUDHL1_HAEMATOPOIETIC_AND_LYMPHOID_TISSUE	T-cell_lymphoma_other
P12ICHIKAWA_HAEMATOPOIETIC_AND_LYMPHOID_TISSUE	T-cell_ALL
BFTC905_URINARY_TRACT	urinary_tract
BFTC909_KIDNEY	kidney
MHHES1_BONE	Ewings_sarcoma
JVM3_HAEMATOPOIETIC_AND_LYMPHOID_TISSUE	B-cell_lymphoma_other
NOMO1_HAEMATOPOIETIC_AND_LYMPHOID_TISSUE	AML
NCIH727_LUNG	other
HS343T_BREAST	breast
HCC2935_LUNG	lung_NSC
HS888T_BONE	osteosarcoma
MKN45_STOMACH	stomach
8505C_THYROID	thyroid
KU1919_URINARY_TRACT	urinary_tract
KCL22_HAEMATOPOIETIC_AND_LYMPHOID_TISSUE	CML
CADOES1_BONE	Ewings_sarcoma
S117_SOFT_TISSUE	soft_tissue
EM2_HAEMATOPOIETIC_AND_LYMPHOID_TISSUE	CML
COLO677_HAEMATOPOIETIC_AND_LYMPHOID_TISSUE	lung_small_cell
OPM2_HAEMATOPOIETIC_AND_LYMPHOID_TISSUE	multiple_myeloma
CAL62_THYROID	thyroid
LCLC103H_LUNG	lung_NSC
JURKAT_HAEMATOPOIETIC_AND_LYMPHOID_TISSUE	T-cell_ALL
697_HAEMATOPOIETIC_AND_LYMPHOID_TISSUE	leukemia_other
MHHCALL2_HAEMATOPOIETIC_AND_LYMPHOID_TISSUE	B-cell_ALL
M07E_HAEMATOPOIETIC_AND_LYMPHOID_TISSUE	AML
L428_HAEMATOPOIETIC_AND_LYMPHOID_TISSUE	lymphoma_Hodgkin
MOLT16_HAEMATOPOIETIC_AND_LYMPHOID_TISSUE	T-cell_ALL
NB4_HAEMATOPOIETIC_AND_LYMPHOID_TISSUE	AML
LCLC97TM1_LUNG	lung_NSC
2313287_STOMACH	stomach
BHT101_THYROID	thyroid
JVM2_HAEMATOPOIETIC_AND_LYMPHOID_TISSUE	B-cell_lymphoma_other
CAL51_BREAST	breast
L363_HAEMATOPOIETIC_AND_LYMPHOID_TISSUE	multiple_myeloma
KMH2_HAEMATOPOIETIC_AND_LYMPHOID_TISSUE	lymphoma_Hodgkin
SIMA_AUTONOMIC_GANGLIA	neuroblastoma
NUDUL1_HAEMATOPOIETIC_AND_LYMPHOID_TISSUE	B-cell_lymphoma_other
BC3C_URINARY_TRACT	urinary_tract
SUDHL6_HAEMATOPOIETIC_AND_LYMPHOID_TISSUE	lymphoma_DLBCL
KARPAS620_HAEMATOPOIETIC_AND_LYMPHOID_TISSUE	multiple_myeloma
REC1_HAEMATOPOIETIC_AND_LYMPHOID_TISSUE	B-cell_lymphoma_other
OCIM1_HAEMATOPOIETIC_AND_LYMPHOID_TISSUE	AML
MEC1_HAEMATOPOIETIC_AND_LYMPHOID_TISSUE	B-cell_lymphoma_other
SIGM5_HAEMATOPOIETIC_AND_LYMPHOID_TISSUE	AML
SUDHL5_HAEMATOPOIETIC_AND_LYMPHOID_TISSUE	lymphoma_DLBCL
BCPAP_THYROID	thyroid
639V_URINARY_TRACT	urinary_tract
CL11_LARGE_INTESTINE	colorectal
TT2609C02_THYROID	thyroid
MEC2_HAEMATOPOIETIC_AND_LYMPHOID_TISSUE	B-cell_lymphoma_other
CL34_LARGE_INTESTINE	colorectal
RCHACV_HAEMATOPOIETIC_AND_LYMPHOID_TISSUE	leukemia_other
CAL120_BREAST	breast
647V_URINARY_TRACT	urinary_tract
RH18_SOFT_TISSUE	soft_tissue
MOLM16_HAEMATOPOIETIC_AND_LYMPHOID_TISSUE	AML
F36P_HAEMATOPOIETIC_AND_LYMPHOID_TISSUE	AML
EJM_HAEMATOPOIETIC_AND_LYMPHOID_TISSUE	multiple_myeloma
WSUDLCL2_HAEMATOPOIETIC_AND_LYMPHOID_TISSUE	lymphoma_DLBCL
JIMT1_BREAST	breast
ML1_THYROID	thyroid
AMO1_HAEMATOPOIETIC_AND_LYMPHOID_TISSUE	multiple_myeloma
MOLP8_HAEMATOPOIETIC_AND_LYMPHOID_TISSUE	multiple_myeloma
COLO699_LUNG	lung_NSC
JHUEM7_ENDOMETRIUM	endometrium
KP1NL_PANCREAS	pancreas
KP1N_PANCREAS	pancreas
M059J_CENTRAL_NERVOUS_SYSTEM	glioma
MB157_BREAST	breast
OE21_OESOPHAGUS	esophagus
SF8657_SKIN	melanoma
SNUC2B_LARGE_INTESTINE	colorectal
RKN_OVARY	ovary
NCIH2073_LUNG	lung_NSC
HN_UPPER_AERODIGESTIVE_TRACT	upper_aerodigestive
HRT18_LARGE_INTESTINE	colorectal
HCT116G9B_ENGINEERED	other
HCT116PA_ENGINEERED	other
HNT34_HAEMATOPOIETIC_AND_LYMPHOID_TISSUE	AML
MUTZ2_HAEMATOPOIETIC_AND_LYMPHOID_TISSUE	AML
PLB985_HAEMATOPOIETIC_AND_LYMPHOID_TISSUE	AML
SKNO1_HAEMATOPOIETIC_AND_LYMPHOID_TISSUE	AML
LC1_LUNG	lung_NSC
MOLT3_HAEMATOPOIETIC_AND_LYMPHOID_TISSUE	T-cell_ALL
HOP62_LUNG	lung_NSC
EKVX_LUNG	lung_NSC
OVCAR5_OVARY	ovary
UO31_KIDNEY	kidney
TK10_KIDNEY	kidney
SF268_CENTRAL_NERVOUS_SYSTEM	glioma
SF539_CENTRAL_NERVOUS_SYSTEM	glioma
SNB75_CENTRAL_NERVOUS_SYSTEM	glioma
HOP92_LUNG	lung_NSC
ACCS_URINARY_TRACT	urinary_tract
MUTZ3_HAEMATOPOIETIC_AND_LYMPHOID_TISSUE	AML
A427_LUNG	lung_NSC
BT12_SOFT_TISSUE	soft_tissue
C8166_HAEMATOPOIETIC_AND_LYMPHOID_TISSUE	T-cell_lymphoma_other
CACO2_LARGE_INTESTINE	colorectal
HCC2429_LUNG	lung_NSC
HCC2450_LUNG	lung_NSC
HCC461_LUNG	lung_NSC
HCC515_LUNG	lung_NSC
HELA_CERVIX	cervix
HNT34_HAEMATOPOIETIC_AND_LYMPHOID_TISSUE	AML
INA6_HAEMATOPOIETIC_AND_LYMPHOID_TISSUE	multiple_myeloma
KMS18_HAEMATOPOIETIC_AND_LYMPHOID_TISSUE	multiple_myeloma
NCIH1819_LUNG	lung_NSC
NCIH2077_LUNG	lung_NSC
NCIH2882_LUNG	lung_NSC
NCIH2887_LUNG	lung_NSC
NCIH3122_LUNG	lung_NSC
OCIMY5_HAEMATOPOIETIC_AND_LYMPHOID_TISSUE	multiple_myeloma
OCIMY7_HAEMATOPOIETIC_AND_LYMPHOID_TISSUE	multiple_myeloma
OPM1_HAEMATOPOIETIC_AND_LYMPHOID_TISSUE	multiple_myeloma
PC9_LUNG	lung_NSC
PLB985_HAEMATOPOIETIC_AND_LYMPHOID_TISSUE	AML
SIHA_CERVIX	cervix
SKNO1_HAEMATOPOIETIC_AND_LYMPHOID_TISSUE	AML
TM87_SOFT_TISSUE	soft_tissue
TTC709_SOFT_TISSUE	soft_tissue
NCIH2004RT_SOFT_TISSUE	soft_tissue
NHAHTDD_CENTRAL_NERVOUS_SYSTEM	other
D425_CENTRAL_NERVOUS_SYSTEM	medulloblastoma
BT16_SOFT_TISSUE	soft_tissue
CW9019_SOFT_TISSUE	soft_tissue
SMSCTR_SOFT_TISSUE	soft_tissue
D458_CENTRAL_NERVOUS_SYSTEM	medulloblastoma
SW48BAXBAKDKOSIGMA_ENGINEERED	other
